user,text
meongapo,"FomoSports #WorldCup NFT ğŸš€ğŸ”¥
ğŸ†Mint to Win ğŸ’²124,000ğŸš€ğŸ¤‘

ğŸ‘‰Choose 1âƒ£ teamâš½ï¸
ğŸ‘‰Get Passive Dividend &amp; Airdrop &amp; Champion pot
ğŸ‘‰Last deal can winğŸ’²24,800 ğŸ’°
 
ğŸ¤‘Join DC ğŸ’²30,000 Giveaway
DCï¼šhttps://t.co/hWZi3F2Cqp
Web:https://t.co/innsK4Gs6w https://t.co/Ffh0u8hEkJ"
mandujen99,"FomoSports #WorldCup NFT ğŸš€ğŸ”¥
ğŸ†Mint to Win ğŸ’²124,000ğŸš€ğŸ¤‘

ğŸ‘‰Choose 1âƒ£ teamâš½ï¸
ğŸ‘‰Get Passive Dividend &amp; Airdrop &amp; Champion pot
ğŸ‘‰Last deal can winğŸ’²24,800 ğŸ’°
 
ğŸ¤‘Join DC ğŸ’²30,000 Giveaway
DCï¼šhttps://t.co/hWZi3F2Cqp
Web:https://t.co/innsK4Gs6w https://t.co/Ffh0u8hEkJ"
UBrignone,âš½ï¸Will #worldcup slow down or bull the #markets ?
KuuMenangan,"FomoSports #WorldCup NFT ğŸš€ğŸ”¥
ğŸ†Mint to Win ğŸ’²124,000ğŸš€ğŸ¤‘

ğŸ‘‰Choose 1âƒ£ teamâš½ï¸
ğŸ‘‰Get Passive Dividend &amp; Airdrop &amp; Champion pot
ğŸ‘‰Last deal can winğŸ’²24,800 ğŸ’°
 
ğŸ¤‘Join DC ğŸ’²30,000 Giveaway
DCï¼šhttps://t.co/hWZi3F2Cqp
Web:https://t.co/innsK4Gs6w https://t.co/Ffh0u8hEkJ"
CellSragen,"FomoSports #WorldCup NFT ğŸš€ğŸ”¥
ğŸ†Mint to Win ğŸ’²124,000ğŸš€ğŸ¤‘

ğŸ‘‰Choose 1âƒ£ teamâš½ï¸
ğŸ‘‰Get Passive Dividend &amp; Airdrop &amp; Champion pot
ğŸ‘‰Last deal can winğŸ’²24,800 ğŸ’°
 
ğŸ¤‘Join DC ğŸ’²30,000 Giveaway
DCï¼šhttps://t.co/hWZi3F2Cqp
Web:https://t.co/innsK4Gs6w https://t.co/Ffh0u8hEkJ"
CovCityLive,Who wins the battle of the kits? https://t.co/BqXiFRgNWD #worldcup #england #Qatar2022
fairybiqwyn,"FomoSports #WorldCup NFT ğŸš€ğŸ”¥
ğŸ†Mint to Win ğŸ’²124,000ğŸš€ğŸ¤‘

ğŸ‘‰Choose 1âƒ£ teamâš½ï¸
ğŸ‘‰Get Passive Dividend &amp; Airdrop &amp; Champion pot
ğŸ‘‰Last deal can winğŸ’²24,800 ğŸ’°
 
ğŸ¤‘Join DC ğŸ’²30,000 Giveaway
DCï¼šhttps://t.co/hWZi3F2Cqp
Web:https://t.co/innsK4Gs6w https://t.co/Ffh0u8hEkJ"
taexw1ns,"FomoSports #WorldCup NFT ğŸš€ğŸ”¥
ğŸ†Mint to Win ğŸ’²124,000ğŸš€ğŸ¤‘

ğŸ‘‰Choose 1âƒ£ teamâš½ï¸
ğŸ‘‰Get Passive Dividend &amp; Airdrop &amp; Champion pot
ğŸ‘‰Last deal can winğŸ’²24,800 ğŸ’°
 
ğŸ¤‘Join DC ğŸ’²30,000 Giveaway
DCï¼šhttps://t.co/hWZi3F2Cqp
Web:https://t.co/innsK4Gs6w https://t.co/Ffh0u8hEkJ"
Nate03972945,"Together We #BUIDL
Together We #Grow 
Together We #Fly 
#SafeBLAST #Crypto #Fifa #Qatar2022 #FifaWorldcup #Worldcup #Soccer #Football #Team https://t.co/jmaCanwS5S"
Fitzy__1986,"@AVFCMarkM Cant wait mate, don't get me wrong been some great games and goals in the #worldcup but #fifa are so corrupt and don't know how to run a football match or tournament."
Mercede28734938,Ancestress #Taiwan Patriotic #ä¸–ç•Œæ¯ Constant #WorldCup Emeline #å¡å¡”å°”ä¸–ç•Œæ¯  https://t.co/rtlnWIAU9h
OxNM_Win0505,"FomoSports #WorldCup NFT ğŸš€ğŸ”¥
ğŸ†Mint to Win ğŸ’²124,000ğŸš€ğŸ¤‘

ğŸ‘‰Choose 1âƒ£ teamâš½ï¸
ğŸ‘‰Get Passive Dividend &amp; Airdrop &amp; Champion pot
ğŸ‘‰Last deal can winğŸ’²24,800 ğŸ’°
 
ğŸ¤‘Join DC ğŸ’²30,000 Giveaway
DCï¼šhttps://t.co/hWZi3F2Cqp
Web:https://t.co/innsK4Gs6w https://t.co/Ffh0u8hEkJ"
not_wong_cityx,"FomoSports #WorldCup NFT ğŸš€ğŸ”¥
ğŸ†Mint to Win ğŸ’²124,000ğŸš€ğŸ¤‘

ğŸ‘‰Choose 1âƒ£ teamâš½ï¸
ğŸ‘‰Get Passive Dividend &amp; Airdrop &amp; Champion pot
ğŸ‘‰Last deal can winğŸ’²24,800 ğŸ’°
 
ğŸ¤‘Join DC ğŸ’²30,000 Giveaway
DCï¼šhttps://t.co/hWZi3F2Cqp
Web:https://t.co/innsK4Gs6w https://t.co/Ffh0u8hEkJ"
Nate03972945,Happy #Thanksgiving day! Enjoy with your loved ones. #Thanks #SafeBLAST #thanksgiving2022 #Thankful #fifa #worldcup #worldcup2022 #Qatar2022 #BLAST https://t.co/OZBkifKxNf
AnkundaJr,"â€œFIFA, we need these guysâ€¦â€ - Former Manchester United defender Rio Ferdinand (@rioferdy5) enjoying a good time with Ugandan dance group, the Triplets Ghetto Kids in Qatar ğŸ‡ºğŸ‡¬ 

#WorldCupQatar #WorldCup https://t.co/pmZ6WMWe3h"
com_wangiselalu,"$150 in 36 Hours 

â˜‘ï¸ RT &amp; Sign-up
https://t.co/3dNw0YM2FS

#Mint . #Stake . #Earn $BIB
 
ğŸš€25,000,000 #BIBTokens to be given away!

ğŸš€Own and collect the hottest #WORLDCUP #NFT and start earning $BIB Tokens by #Staking
 
Only few #NFT left! Grab it now!
 
#BIBMeta #PublicSale https://t.co/X8O0RYdo12"
tigers46492017,"ã€å†™çœŸç‰¹é›†ã€‘ã‚¬ãƒ¼ãƒŠãŒ3ã‚´ãƒ¼ãƒ«ã§ä»Šå¤§ä¼šåˆå‹åˆ©!! éŸ“å›½ã¯ãƒãƒ§ãƒ»ã‚®ãƒ¥ã‚½ãƒ³ã®è±ªå¿«ãƒ˜ãƒƒãƒ‰å¼¾ã§åæ’ƒã™ã‚‹ã‚‚ã‚ã¨ä¸€æ­©å±Šã‹ãš(10æš)
https://t.co/LAcN4qsSnh
#ã‚²ã‚­ã‚µã‚« #Wæ¯ #ãƒ¯ãƒ¼ãƒ«ãƒ‰ã‚«ãƒƒãƒ— #WorldCup https://t.co/90JHH5CYbX"
Bilbilll9,"EMPAT pemain United pastikan tempat di 16 besar #WorldCup sejauh ini. Terbanyak diantara tim #PL lainnya ğŸ˜

Ngeri FC

#MUFC https://t.co/3EOb5YM9Ie"
sinji23m,"ï¼
ã€ğŸ™é¸æ‰‹ã‚³ãƒ¡ãƒ³ãƒˆã€‘
#ã‚µãƒƒã‚«ãƒ¼æ—¥æœ¬ä»£è¡¨
#å·å³¶æ°¸å—£
ï¼¼

ğŸ“å¤±ç‚¹ã‚·ãƒ¼ãƒ³ã¸ã®è­°è«–ã«å·å³¶æ°¸å—£ã€Œä¸€ã¤ã®ãƒ—ãƒ¬ãƒ¼ã‚’å–ã‚Šä¸Šã’ã‚‹ã®ã¯ç°¡å˜ã€
https://t.co/WKsDHUxX2o

#ã‚²ã‚­ã‚µã‚« #æ—¥æœ¬ä»£è¡¨ 
#jfa #daihyo #SAMURAIBLUE
#ãƒ¯ãƒ¼ãƒ«ãƒ‰ã‚«ãƒƒãƒ— #WorldCup #FIFAWorldCup https://t.co/Vj2fLiFaxD"
Edzhel13,"FomoSports #WorldCup NFT ğŸš€ğŸ”¥
ğŸ†Mint to Win ğŸ’²124,000ğŸš€ğŸ¤‘

ğŸ‘‰Choose 1âƒ£ teamâš½ï¸
ğŸ‘‰Get Passive Dividend &amp; Airdrop &amp; Champion pot
ğŸ‘‰Last deal can winğŸ’²24,800 ğŸ’°
 
ğŸ¤‘Join DC ğŸ’²30,000 Giveaway
DCï¼šhttps://t.co/hWZi3F2Cqp
Web:https://t.co/innsK4Gs6w https://t.co/Ffh0u8hEkJ"
owakiberengye,"ğŸ‡§ğŸ‡· @Casemiroâ€™s winner has booked Brazilâ€™s place in the knockout stages of the #WorldCup! ğŸ‘

#MUFC https://t.co/kkoJY8epmp"
d_ecember_win,"FomoSports #WorldCup NFT ğŸš€ğŸ”¥
ğŸ†Mint to Win ğŸ’²124,000ğŸš€ğŸ¤‘

ğŸ‘‰Choose 1âƒ£ teamâš½ï¸
ğŸ‘‰Get Passive Dividend &amp; Airdrop &amp; Champion pot
ğŸ‘‰Last deal can winğŸ’²24,800 ğŸ’°
 
ğŸ¤‘Join DC ğŸ’²30,000 Giveaway
DCï¼šhttps://t.co/hWZi3F2Cqp
Web:https://t.co/innsK4Gs6w https://t.co/Ffh0u8hEkJ"
Jkyy_cc,"FomoSports #WorldCup NFT ğŸš€ğŸ”¥
ğŸ†Mint to Win ğŸ’²124,000ğŸš€ğŸ¤‘

ğŸ‘‰Choose 1âƒ£ teamâš½ï¸
ğŸ‘‰Get Passive Dividend &amp; Airdrop &amp; Champion pot
ğŸ‘‰Last deal can winğŸ’²24,800 ğŸ’°
 
ğŸ¤‘Join DC ğŸ’²30,000 Giveaway
DCï¼šhttps://t.co/hWZi3F2Cqp
Web:https://t.co/innsK4Gs6w https://t.co/Ffh0u8hEkJ"
ShiroganeKenzi,"ğŸ“¢Launch #Collab #Giveaway for #Wristband

ğŸWear your #Wristband and enter for the #Web3 #WorldCup #Campaign

ğŸ”—#SoQuest Task
https://t.co/tngaU4cstC

ğŸ‘€Click to know moreâ¤µï¸
https://t.co/sIoRHS2PCx

ğŸ¯ Powered by @SwappiDEX  @_p12_  @0xNawarat  @metaestate_com  @Port3Network https://t.co/M8RkOPPiCu"
Oc14jt,"$150 in 36 Hours 

â˜‘ï¸ RT &amp; Sign-up
https://t.co/3dNw0YM2FS

#Mint . #Stake . #Earn $BIB
 
ğŸš€25,000,000 #BIBTokens to be given away!

ğŸš€Own and collect the hottest #WORLDCUP #NFT and start earning $BIB Tokens by #Staking
 
Only few #NFT left! Grab it now!
 
#BIBMeta #PublicSale https://t.co/X8O0RYdo12"
nadzgvrl,"FomoSports #WorldCup NFT ğŸš€ğŸ”¥
ğŸ†Mint to Win ğŸ’²124,000ğŸš€ğŸ¤‘

ğŸ‘‰Choose 1âƒ£ teamâš½ï¸
ğŸ‘‰Get Passive Dividend &amp; Airdrop &amp; Champion pot
ğŸ‘‰Last deal can winğŸ’²24,800 ğŸ’°
 
ğŸ¤‘Join DC ğŸ’²30,000 Giveaway
DCï¼šhttps://t.co/hWZi3F2Cqp
Web:https://t.co/innsK4Gs6w https://t.co/Ffh0u8hEkJ"
oxfreetag01,"FomoSports #WorldCup NFT ğŸš€ğŸ”¥
ğŸ†Mint to Win ğŸ’²124,000ğŸš€ğŸ¤‘

ğŸ‘‰Choose 1âƒ£ teamâš½ï¸
ğŸ‘‰Get Passive Dividend &amp; Airdrop &amp; Champion pot
ğŸ‘‰Last deal can winğŸ’²24,800 ğŸ’°
 
ğŸ¤‘Join DC ğŸ’²30,000 Giveaway
DCï¼šhttps://t.co/hWZi3F2Cqp
Web:https://t.co/innsK4Gs6w https://t.co/Ffh0u8hEkJ"
tariqmahmoodask,"Ø³Ø§Ù…Ø±Ø§Ø¬ Ø³Û’ Ù…Ø±Ø²Ø§ Ù‚Ø§Ø¯ÛŒØ§Ù†ÛŒ Ú©ÛŒ Ø§Ù„ØªÙ…Ø§Ø³
#FIFAWorldCupQatar2022 #Qatar #WorldCup
#QatarWorldCup2022 #FIFAWorldCup2022 
#Qatar2022â€¯â€¯â€¯ #FIFAWorldCupâ€¯â€¯â€¯ #WorldCup2022
#Searchthetruth https://t.co/9tgi8ZXgGb"
sripinge_,"FomoSports #WorldCup NFT ğŸš€ğŸ”¥
ğŸ†Mint to Win ğŸ’²124,000ğŸš€ğŸ¤‘

ğŸ‘‰Choose 1âƒ£ teamâš½ï¸
ğŸ‘‰Get Passive Dividend &amp; Airdrop &amp; Champion pot
ğŸ‘‰Last deal can winğŸ’²24,800 ğŸ’°
 
ğŸ¤‘Join DC ğŸ’²30,000 Giveaway
DCï¼šhttps://t.co/hWZi3F2Cqp
Web:https://t.co/innsK4Gs6w https://t.co/Ffh0u8hEkJ"
ShiroganeKenzi,"ğŸ“¢Blocklike #Wristband Collab #Giveaway 

ğŸWear your #Wristband and enter for the #Web3 #WorldCup #Campaign

ğŸ”—#SoQuest ğŸ‘‡
https://t.co/QoKwc4u4no

ğŸ‘€Click to know moreâ¤µï¸
https://t.co/QJUXZvYaHH

ğŸ¯ Powered by @blocklikecom  @_p12_   @0xNawarat  @metaestate_com  @Port3Network"
KitTrigg,"Wayne @ScarletRebels gives us his predictions ahead of #ENGvWAL tomorrow in the #worldcup + predictions for the  #RockNRollWorldCupğŸ† 
England V Wales 
@ThoseDamnCrows @ScarletRebels ğŸ´ó §ó ¢ó ·ó ¬ó ³ó ¿ @TheDustCoda @KitTrigg @tova_musicğŸ´ó §ó ¢ó ¥ó ®ó §ó ¿
#KO 12:30 2 Dec  
Live: https://t.co/17OvvvrqkE https://t.co/ZJNF6Tf5ec"
_wonderful____,"FomoSports #WorldCup NFT ğŸš€ğŸ”¥
ğŸ†Mint to Win ğŸ’²124,000ğŸš€ğŸ¤‘

ğŸ‘‰Choose 1âƒ£ teamâš½ï¸
ğŸ‘‰Get Passive Dividend &amp; Airdrop &amp; Champion pot
ğŸ‘‰Last deal can winğŸ’²24,800 ğŸ’°
 
ğŸ¤‘Join DC ğŸ’²30,000 Giveaway
DCï¼šhttps://t.co/hWZi3F2Cqp
Web:https://t.co/innsK4Gs6w https://t.co/Ffh0u8hEkJ"
place2bet,"World Cup bets @ Place2bet
https://t.co/pcHoHtLcyQ

#wedtips
#wedden 
#Pari
#sport
#bookmaker
#voetbalinside
#sportgokken
#Sitesdejeux
#Jeuxdehasard
#sportwedden
#sportweddenschappen
#voetbalwedden
#goksites
#matchday
#onlinecasinoi8
#place2bet
#WorldCup
#WKQatar
#Betcenter"
0xbgwn,"FomoSports #WorldCup NFT ğŸš€ğŸ”¥
ğŸ†Mint to Win ğŸ’²124,000ğŸš€ğŸ¤‘

ğŸ‘‰Choose 1âƒ£ teamâš½ï¸
ğŸ‘‰Get Passive Dividend &amp; Airdrop &amp; Champion pot
ğŸ‘‰Last deal can winğŸ’²24,800 ğŸ’°
 
ğŸ¤‘Join DC ğŸ’²30,000 Giveaway
DCï¼šhttps://t.co/hWZi3F2Cqp
Web:https://t.co/innsK4Gs6w https://t.co/Ffh0u8hEkJ"
Porsha02730635,Helen #WorldCup Theodore #ä¸–ç•Œæ¯ Strong #æåé—¨ Dwayne #ä¸–ç•Œæ¯æŠ•æ³¨  https://t.co/3KtxAuOWnX
rhdwnda,"FomoSports #WorldCup NFT ğŸš€ğŸ”¥
ğŸ†Mint to Win ğŸ’²124,000ğŸš€ğŸ¤‘

ğŸ‘‰Choose 1âƒ£ teamâš½ï¸
ğŸ‘‰Get Passive Dividend &amp; Airdrop &amp; Champion pot
ğŸ‘‰Last deal can winğŸ’²24,800 ğŸ’°
 
ğŸ¤‘Join DC ğŸ’²30,000 Giveaway
DCï¼šhttps://t.co/hWZi3F2Cqp
Web:https://t.co/innsK4Gs6w https://t.co/Ffh0u8hEkJ"
DfMoustapha,"ğŸ‡ªğŸ‡¨ ğŸ†š ğŸ‡¸ğŸ‡³

#MankoWutiNdamli #worldcup ğŸ’ªğŸ¿ #KK https://t.co/ypUWOYYZ3y"
0duory,"FomoSports #WorldCup NFT ğŸš€ğŸ”¥
ğŸ†Mint to Win ğŸ’²124,000ğŸš€ğŸ¤‘

ğŸ‘‰Choose 1âƒ£ teamâš½ï¸
ğŸ‘‰Get Passive Dividend &amp; Airdrop &amp; Champion pot
ğŸ‘‰Last deal can winğŸ’²24,800 ğŸ’°
 
ğŸ¤‘Join DC ğŸ’²30,000 Giveaway
DCï¼šhttps://t.co/hWZi3F2Cqp
Web:https://t.co/innsK4Gs6w https://t.co/Ffh0u8hEkJ"
0xnovwin,"FomoSports #WorldCup NFT ğŸš€ğŸ”¥
ğŸ†Mint to Win ğŸ’²124,000ğŸš€ğŸ¤‘

ğŸ‘‰Choose 1âƒ£ teamâš½ï¸
ğŸ‘‰Get Passive Dividend &amp; Airdrop &amp; Champion pot
ğŸ‘‰Last deal can winğŸ’²24,800 ğŸ’°
 
ğŸ¤‘Join DC ğŸ’²30,000 Giveaway
DCï¼šhttps://t.co/hWZi3F2Cqp
Web:https://t.co/innsK4Gs6w https://t.co/Ffh0u8hEkJ"
Bello_Anas_Ola,"Ronaldo has told media in Qatar to stop asking other Portugal players about him.
#ronaldo #cristianoronaldo #portugalğŸ‡µğŸ‡¹ #worldcup #Qatar2022 https://t.co/hJ7ATCz45W"
tigers46492017,"ã€å†™çœŸç‰¹é›†ã€‘å£®çµ¶ãªæ‰“ã¡åˆã„ã¯ãƒ‰ãƒ­ãƒ¼æ±ºç€!! ã‚«ãƒ¡ãƒ«ãƒ¼ãƒ³ãŒå¾ŒåŠ2ç™ºã§è¿½ã„ã¤ãã€æ±ºå‹Té€²å‡ºã¸å¸Œæœ›ã‚’ç¹‹ã(12æš)
https://t.co/87HAaK3vit
#ã‚²ã‚­ã‚µã‚« #Wæ¯ #ãƒ¯ãƒ¼ãƒ«ãƒ‰ã‚«ãƒƒãƒ— #WorldCup https://t.co/chvA7jVd27"
just1nejeweeel,"FomoSports #WorldCup NFT ğŸš€ğŸ”¥
ğŸ†Mint to Win ğŸ’²124,000ğŸš€ğŸ¤‘

ğŸ‘‰Choose 1âƒ£ teamâš½ï¸
ğŸ‘‰Get Passive Dividend &amp; Airdrop &amp; Champion pot
ğŸ‘‰Last deal can winğŸ’²24,800 ğŸ’°
 
ğŸ¤‘Join DC ğŸ’²30,000 Giveaway
DCï¼šhttps://t.co/hWZi3F2Cqp
Web:https://t.co/innsK4Gs6w https://t.co/Ffh0u8hEkJ"
AffaanKhaleel,"Ready for another #WorldCup test ğŸ‘Š

#MUFC || @MarcusRashford"
kotaindramayu,"Saprudin Bastomi, petani Indramayu yang mempercantik stadion-stadion Piala Dunia 2022. Dia ikut serta dalam dalam proyek di sejumlah stadion Qatar yang digunakan untuk turnamen empat tahunan tersebut. GIN

#GTV #Qatar #WorldCup #WorldCup2022 #Petani #Indramayu #PialaDunia2022 https://t.co/OTCuKzsZoz"
CumaliK56625271,"DÃ¼nya KupasÄ±nda aÃ§Ä±lan Filistin bayraklarÄ± Siyonist Ä°srail'i rahatsÄ±z etti

#Palestine #WorldCup"
arakihummer,"âš½ï¸è©¦åˆçµ‚äº†âš½ï¸

ğŸ†FIFA #ãƒ¯ãƒ¼ãƒ«ãƒ‰ã‚«ãƒƒãƒ— ç¬¬1ç¯€
ğŸ‡¯ğŸ‡µ#SAMURAIBLUE 2-1 ãƒ‰ã‚¤ãƒ„ä»£è¡¨ğŸ‡©ğŸ‡ª

âŒšï¸22:00KO&lt;æ—¥æœ¬æ™‚é–“&gt;
ğŸ“º#ABEMA / #NHK
ğŸ”—https://t.co/qYizryQhpu

#jfa #daihyo 
#ã‚µãƒƒã‚«ãƒ¼æ—¥æœ¬ä»£è¡¨
#ã¤ãªè¶…ãˆ #æ–°ã—ã„æ™¯è‰²ã‚’2022
#worldcup #FIFAWorldCup https://t.co/NQvZmy1DUe"
ibuknyaadam88_,"FomoSports #WorldCup NFT ğŸš€ğŸ”¥
ğŸ†Mint to Win ğŸ’²124,000ğŸš€ğŸ¤‘

ğŸ‘‰Choose 1âƒ£ teamâš½ï¸
ğŸ‘‰Get Passive Dividend &amp; Airdrop &amp; Champion pot
ğŸ‘‰Last deal can winğŸ’²24,800 ğŸ’°
 
ğŸ¤‘Join DC ğŸ’²30,000 Giveaway
DCï¼šhttps://t.co/hWZi3F2Cqp
Web:https://t.co/innsK4Gs6w https://t.co/Ffh0u8hEkJ"
Wesports_Live,English players satisfied with Pakistan security arrangements. #cricket #englandteams #moeenali #england #icc #cricketlovers #cricketer #englandcricket #englandcricketteam #benstokes #worldcup #teamengland #cricketlover #wesports #josbuttler #lovecricket #cricketfever #psl https://t.co/psWu0Plf6W
narvino404,"FomoSports #WorldCup NFT ğŸš€ğŸ”¥
ğŸ†Mint to Win ğŸ’²124,000ğŸš€ğŸ¤‘

ğŸ‘‰Choose 1âƒ£ teamâš½ï¸
ğŸ‘‰Get Passive Dividend &amp; Airdrop &amp; Champion pot
ğŸ‘‰Last deal can winğŸ’²24,800 ğŸ’°
 
ğŸ¤‘Join DC ğŸ’²30,000 Giveaway
DCï¼šhttps://t.co/hWZi3F2Cqp
Web:https://t.co/innsK4Gs6w https://t.co/Ffh0u8hEkJ"
autumn_lily12,"FomoSports #WorldCup NFT ğŸš€ğŸ”¥
ğŸ†Mint to Win ğŸ’²124,000ğŸš€ğŸ¤‘

ğŸ‘‰Choose 1âƒ£ teamâš½ï¸
ğŸ‘‰Get Passive Dividend &amp; Airdrop &amp; Champion pot
ğŸ‘‰Last deal can winğŸ’²24,800 ğŸ’°
 
ğŸ¤‘Join DC ğŸ’²30,000 Giveaway
DCï¼šhttps://t.co/hWZi3F2Cqp
Web:https://t.co/innsK4Gs6w https://t.co/Ffh0u8hEkJ"
tigers46492017,"ã€å†™çœŸç‰¹é›†ã€‘ãƒ“ãƒ‹ã‚·ã‚¦ã‚¹ã®ã‚´ãƒ¼ãƒ«ãŒå–ã‚Šæ¶ˆã•ã‚Œã‚‹ã‚‚â€¦ã‚«ã‚¼ãƒŸãƒ¼ãƒ­ãŒå€¤åƒé‡‘ã®æ±ºå‹ãƒœãƒ¬ãƒ¼å¼¾ã‚’æ±ºã‚ã€ãƒ–ãƒ©ã‚¸ãƒ«ãŒ2é€£å‹(8æš)
https://t.co/P4EWV6K1Y7
#ã‚²ã‚­ã‚µã‚« #Wæ¯ #ãƒ¯ãƒ¼ãƒ«ãƒ‰ã‚«ãƒƒãƒ— #WorldCup https://t.co/GW1rmHiVYU"
ATHLETE7007,"ãƒ™ãƒ«ã‚®ãƒ¼ã§å–§å˜©å‹ƒç™ºã€ã‚¢ã‚¶ãƒ¼ãƒ«ã€ãƒ‡ãƒ»ãƒ–ãƒ©ã‚¤ãƒã‚‰ãŒå£è«–ã‚‚â€¦ãƒ«ã‚«ã‚¯ãŒã¾ã‚‹ãåã‚ã‚‹
https://t.co/4QqyMVTLpf
#ã‚²ã‚­ã‚µã‚« #Wæ¯ #ãƒ¯ãƒ¼ãƒ«ãƒ‰ã‚«ãƒƒãƒ— #WorldCup"
0xkaiueokxy,"FomoSports #WorldCup NFT ğŸš€ğŸ”¥
ğŸ†Mint to Win ğŸ’²124,000ğŸš€ğŸ¤‘

ğŸ‘‰Choose 1âƒ£ teamâš½ï¸
ğŸ‘‰Get Passive Dividend &amp; Airdrop &amp; Champion pot
ğŸ‘‰Last deal can winğŸ’²24,800 ğŸ’°
 
ğŸ¤‘Join DC ğŸ’²30,000 Giveaway
DCï¼šhttps://t.co/hWZi3F2Cqp
Web:https://t.co/innsK4Gs6w https://t.co/Ffh0u8hEkJ"
CumaliK40952799,"DÃ¼nya KupasÄ±nda aÃ§Ä±lan Filistin bayraklarÄ± Siyonist Ä°srail'i rahatsÄ±z etti

#Palestine #WorldCup"
Lurline06327529,Tobias #Arbitrum One #ä¸–ç•Œæ¯ Queen #WorldCup Frances #ä¸–ç•Œæ¯æŠ•æ³¨  https://t.co/QLSoFrhzZG
0xEsTeh,"FomoSports #WorldCup NFT ğŸš€ğŸ”¥
ğŸ†Mint to Win ğŸ’²124,000ğŸš€ğŸ¤‘

ğŸ‘‰Choose 1âƒ£ teamâš½ï¸
ğŸ‘‰Get Passive Dividend &amp; Airdrop &amp; Champion pot
ğŸ‘‰Last deal can winğŸ’²24,800 ğŸ’°
 
ğŸ¤‘Join DC ğŸ’²30,000 Giveaway
DCï¼šhttps://t.co/hWZi3F2Cqp
Web:https://t.co/innsK4Gs6w https://t.co/Ffh0u8hEkJ"
Shawnwinscutie2,"FomoSports #WorldCup NFT ğŸš€ğŸ”¥
ğŸ†Mint to Win ğŸ’²124,000ğŸš€ğŸ¤‘

ğŸ‘‰Choose 1âƒ£ teamâš½ï¸
ğŸ‘‰Get Passive Dividend &amp; Airdrop &amp; Champion pot
ğŸ‘‰Last deal can winğŸ’²24,800 ğŸ’°
 
ğŸ¤‘Join DC ğŸ’²30,000 Giveaway
DCï¼šhttps://t.co/hWZi3F2Cqp
Web:https://t.co/innsK4Gs6w https://t.co/Ffh0u8hEkJ"
irmayuli_1,"FomoSports #WorldCup NFT ğŸš€ğŸ”¥
ğŸ†Mint to Win ğŸ’²124,000ğŸš€ğŸ¤‘

ğŸ‘‰Choose 1âƒ£ teamâš½ï¸
ğŸ‘‰Get Passive Dividend &amp; Airdrop &amp; Champion pot
ğŸ‘‰Last deal can winğŸ’²24,800 ğŸ’°
 
ğŸ¤‘Join DC ğŸ’²30,000 Giveaway
DCï¼šhttps://t.co/hWZi3F2Cqp
Web:https://t.co/innsK4Gs6w https://t.co/Ffh0u8hEkJ"
Xxxwinss,"FomoSports #WorldCup NFT ğŸš€ğŸ”¥
ğŸ†Mint to Win ğŸ’²124,000ğŸš€ğŸ¤‘

ğŸ‘‰Choose 1âƒ£ teamâš½ï¸
ğŸ‘‰Get Passive Dividend &amp; Airdrop &amp; Champion pot
ğŸ‘‰Last deal can winğŸ’²24,800 ğŸ’°
 
ğŸ¤‘Join DC ğŸ’²30,000 Giveaway
DCï¼šhttps://t.co/hWZi3F2Cqp
Web:https://t.co/innsK4Gs6w https://t.co/Ffh0u8hEkJ"
Oxwin05,"FomoSports #WorldCup NFT ğŸš€ğŸ”¥
ğŸ†Mint to Win ğŸ’²124,000ğŸš€ğŸ¤‘

ğŸ‘‰Choose 1âƒ£ teamâš½ï¸
ğŸ‘‰Get Passive Dividend &amp; Airdrop &amp; Champion pot
ğŸ‘‰Last deal can winğŸ’²24,800 ğŸ’°
 
ğŸ¤‘Join DC ğŸ’²30,000 Giveaway
DCï¼šhttps://t.co/hWZi3F2Cqp
Web:https://t.co/innsK4Gs6w https://t.co/Ffh0u8hEkJ"
cepmek_d1Lan,"FomoSports #WorldCup NFT ğŸš€ğŸ”¥
ğŸ†Mint to Win ğŸ’²124,000ğŸš€ğŸ¤‘

ğŸ‘‰Choose 1âƒ£ teamâš½ï¸
ğŸ‘‰Get Passive Dividend &amp; Airdrop &amp; Champion pot
ğŸ‘‰Last deal can winğŸ’²24,800 ğŸ’°
 
ğŸ¤‘Join DC ğŸ’²30,000 Giveaway
DCï¼šhttps://t.co/hWZi3F2Cqp
Web:https://t.co/innsK4Gs6w https://t.co/Ffh0u8hEkJ"
khadija_ndy,"ğŸ‡ªğŸ‡¨ ğŸ†š ğŸ‡¸ğŸ‡³

#MankoWutiNdamli #worldcup ğŸ’ªğŸ¿ #KK https://t.co/ypUWOYYZ3y"
Kirby92363719,Darlene #ä¹åŠ¨ Elena #ä¸–ç•Œæ¯ Rose #WorldCup Primrose #ä¸–ç•Œæ¯ä¹°çƒ  https://t.co/Kl3K9MxW2o
kuwrakura,"FomoSports #WorldCup NFT ğŸš€ğŸ”¥
ğŸ†Mint to Win ğŸ’²124,000ğŸš€ğŸ¤‘

ğŸ‘‰Choose 1âƒ£ teamâš½ï¸
ğŸ‘‰Get Passive Dividend &amp; Airdrop &amp; Champion pot
ğŸ‘‰Last deal can winğŸ’²24,800 ğŸ’°
 
ğŸ¤‘Join DC ğŸ’²30,000 Giveaway
DCï¼šhttps://t.co/hWZi3F2Cqp
Web:https://t.co/innsK4Gs6w https://t.co/Ffh0u8hEkJ"
SasiKyuNa16,"FomoSports #WorldCup NFT ğŸš€ğŸ”¥
ğŸ†Mint to Win ğŸ’²124,000ğŸš€ğŸ¤‘

ğŸ‘‰Choose 1âƒ£ teamâš½ï¸
ğŸ‘‰Get Passive Dividend &amp; Airdrop &amp; Champion pot
ğŸ‘‰Last deal can winğŸ’²24,800 ğŸ’°
 
ğŸ¤‘Join DC ğŸ’²30,000 Giveaway
DCï¼šhttps://t.co/hWZi3F2Cqp
Web:https://t.co/innsK4Gs6w https://t.co/Ffh0u8hEkJ"
63da85676e51457,"âš½We are presenting #Metaverse #WorldCup with
@KEY3id, @Cheelee_Tweet, @GalaxieLabs, @hypermove_io, @BotPlanet_

ğŸ¥³Join us in this grand event &amp; share the $12,000 prize pool ğŸ† !!
â°25th Nov- 17th Dec
ğŸ‘‡Check comments for participation details.

#giveaway #FIFA2022QATAR https://t.co/7lc3oelqNz"
cuguyyu,"FomoSports #WorldCup NFT ğŸš€ğŸ”¥
ğŸ†Mint to Win ğŸ’²124,000ğŸš€ğŸ¤‘

ğŸ‘‰Choose 1âƒ£ teamâš½ï¸
ğŸ‘‰Get Passive Dividend &amp; Airdrop &amp; Champion pot
ğŸ‘‰Last deal can winğŸ’²24,800 ğŸ’°
 
ğŸ¤‘Join DC ğŸ’²30,000 Giveaway
DCï¼šhttps://t.co/hWZi3F2Cqp
Web:https://t.co/innsK4Gs6w https://t.co/Ffh0u8hEkJ"
ShahwaizAsif786,"#BenStokes has announced he will donate his match fee against #Pakistan ğŸ‡µğŸ‡° to the Flood Appeal ğŸ‘
#babarazam56 #PAKvENG #worldcup #england #viratkohli #BreakingNews"
missxromy2,"ğ—Ÿğ—˜ğ—§'ğ—¦ ğ——ğ—¢ ğ—§ğ—›ğ—œğ—¦! ğŸ”¥

#NothingLikeOranje #WorldCup #NEDQAT https://t.co/6tFOh4wH1b"
Alvina76523832,Questa #Arbitrum Jack #ä¸–ç•Œæ¯ Ruth #WorldCup Nigel #ä¸–ç•Œæ¯ä¹°çƒ  https://t.co/Lurrb84KU3
ShiroganeKenzi,"âš½ï¸2022 #Web3 #WorldCupâš½ï¸
 
ğŸ“¢#NFT CarnivalğŸ¤© and #Campaigns
ğŸ#Wristband Collab #Giveaway on 17th !
ğŸ“¢Who is On the Way ğŸ‘‡
@_p12_
@metaestate_com
@0xNawarat
@Port3Network
 
ğŸ”œComing Soon https://t.co/fXCApNA7NI"
princesscuys02,"FomoSports #WorldCup NFT ğŸš€ğŸ”¥
ğŸ†Mint to Win ğŸ’²124,000ğŸš€ğŸ¤‘

ğŸ‘‰Choose 1âƒ£ teamâš½ï¸
ğŸ‘‰Get Passive Dividend &amp; Airdrop &amp; Champion pot
ğŸ‘‰Last deal can winğŸ’²24,800 ğŸ’°
 
ğŸ¤‘Join DC ğŸ’²30,000 Giveaway
DCï¼šhttps://t.co/hWZi3F2Cqp
Web:https://t.co/innsK4Gs6w https://t.co/Ffh0u8hEkJ"
amna_sportgr,"#Î Î¿Î´ÏŒÏƒÏ†Î±Î¹ÏÎ¿ âš½ï¸
Î˜Î•ÎœÎ‘
Â«Î‘ÏÏ‰Î¼Î±Â»...1962 Î³Î¹Î± Ï„Î·Î½ ğŸ‡§ğŸ‡· Î’ÏÎ±Î¶Î¹Î»Î¯Î±

#FIFAWorldCup #Qatar2022 #WorldCup #WorldCup2022 #WorldcupQatar2022 #Qatar #QatarWorldCup #QatarWorldCup2022 #ÎšÎ±Ï„Î¬Ï #ÎœÎ¿Ï…Î½Ï„Î¹Î¬Î»  

https://t.co/TynDKY4Ozz https://t.co/yUhEf5dRUp"
1628jp,"FomoSports #WorldCup NFT ğŸš€ğŸ”¥
ğŸ†Mint to Win ğŸ’²124,000ğŸš€ğŸ¤‘

ğŸ‘‰Choose 1âƒ£ teamâš½ï¸
ğŸ‘‰Get Passive Dividend &amp; Airdrop &amp; Champion pot
ğŸ‘‰Last deal can winğŸ’²24,800 ğŸ’°
 
ğŸ¤‘Join DC ğŸ’²30,000 Giveaway
DCï¼šhttps://t.co/hWZi3F2Cqp
Web:https://t.co/innsK4Gs6w https://t.co/Ffh0u8hEkJ"
renii78,"FomoSports #WorldCup NFT ğŸš€ğŸ”¥
ğŸ†Mint to Win ğŸ’²124,000ğŸš€ğŸ¤‘

ğŸ‘‰Choose 1âƒ£ teamâš½ï¸
ğŸ‘‰Get Passive Dividend &amp; Airdrop &amp; Champion pot
ğŸ‘‰Last deal can winğŸ’²24,800 ğŸ’°
 
ğŸ¤‘Join DC ğŸ’²30,000 Giveaway
DCï¼šhttps://t.co/hWZi3F2Cqp
Web:https://t.co/innsK4Gs6w https://t.co/Ffh0u8hEkJ"
imthelucky1x,"FomoSports #WorldCup NFT ğŸš€ğŸ”¥
ğŸ†Mint to Win ğŸ’²124,000ğŸš€ğŸ¤‘

ğŸ‘‰Choose 1âƒ£ teamâš½ï¸
ğŸ‘‰Get Passive Dividend &amp; Airdrop &amp; Champion pot
ğŸ‘‰Last deal can winğŸ’²24,800 ğŸ’°
 
ğŸ¤‘Join DC ğŸ’²30,000 Giveaway
DCï¼šhttps://t.co/hWZi3F2Cqp
Web:https://t.co/innsK4Gs6w https://t.co/Ffh0u8hEkJ"
Hi_AmProdigyous,"Group D - Denmark. 

Group E - Spain &amp; Germany

Group F - Croatia &amp; Morocco. 

Group G - Switzerland. 

Group H - Uruguay. 

#QatarWorldCup2022 #WorldCup #FIFAWorldCup #FIFAWorldCup2022 #FIFAWorldCupQatar2022"
1ntrepidtravel,"Coverage of all FOUR live matches on a BIG day at the #WorldCup! ğŸ“»âš½ï¸

15:00 - Ecuador ğŸ‡ªğŸ‡¨  v ğŸ‡¸ğŸ‡³ Senegal

15:00 - Netherlands ğŸ‡³ğŸ‡± v ğŸ‡¶ğŸ‡¦ Qatar

19:00 - Iran ğŸ‡®ğŸ‡· v ğŸ‡ºğŸ‡¸ USA

19:00 - Wales ğŸ´ó §ó ¢ó ·ó ¬ó ³ó ¿ v ğŸ´ó §ó ¢ó ¥ó ®ó §ó ¿ England

ğŸ§ Listen to all the build-up from 13:00 on @BBCSounds
 
#BBCFootball #BBCWorldCup"
bucinpcyjjh,"FomoSports #WorldCup NFT ğŸš€ğŸ”¥
ğŸ†Mint to Win ğŸ’²124,000ğŸš€ğŸ¤‘

ğŸ‘‰Choose 1âƒ£ teamâš½ï¸
ğŸ‘‰Get Passive Dividend &amp; Airdrop &amp; Champion pot
ğŸ‘‰Last deal can winğŸ’²24,800 ğŸ’°
 
ğŸ¤‘Join DC ğŸ’²30,000 Giveaway
DCï¼šhttps://t.co/hWZi3F2Cqp
Web:https://t.co/innsK4Gs6w https://t.co/Ffh0u8hEkJ"
bluekkochi,"FomoSports #WorldCup NFT ğŸš€ğŸ”¥
ğŸ†Mint to Win ğŸ’²124,000ğŸš€ğŸ¤‘

ğŸ‘‰Choose 1âƒ£ teamâš½ï¸
ğŸ‘‰Get Passive Dividend &amp; Airdrop &amp; Champion pot
ğŸ‘‰Last deal can winğŸ’²24,800 ğŸ’°
 
ğŸ¤‘Join DC ğŸ’²30,000 Giveaway
DCï¼šhttps://t.co/hWZi3F2Cqp
Web:https://t.co/innsK4Gs6w https://t.co/Ffh0u8hEkJ"
EmptyPandoraBox,"Brazil fans thought this was Neymar in the crowd ğŸ˜‚

#WorldCup #BBCWorldCup https://t.co/84fbKIMEp4"
O99rfJWiHWHYjii,"ï¼
ã€ğŸ™é¸æ‰‹ã‚³ãƒ¡ãƒ³ãƒˆã€‘
#ã‚µãƒƒã‚«ãƒ¼æ—¥æœ¬ä»£è¡¨
#æ¿å€‰æ»‰
ï¼¼

ğŸ“ã‚·ãƒ§ãƒƒã‚¯ãªæ•—æˆ¦ã«ã‚‚æ°—ä¸ˆã«æŒ¯ã‚‹èˆã£ãŸæ¿å€‰æ»‰ã€Œå›½æ°‘ã®ã¿ã‚“ãªã¯ä¸‹ã‚’å‘ã„ã¦ã„ã‚‹ã‹ã‚‚ã—ã‚Œãªã„ã‘ã©â€¦ã€
https://t.co/kVGhlahkm5

#ã‚²ã‚­ã‚µã‚« #æ—¥æœ¬ä»£è¡¨ 
#jfa #daihyo #SAMURAIBLUE
#ãƒ¯ãƒ¼ãƒ«ãƒ‰ã‚«ãƒƒãƒ— #WorldCup #FIFAWorldCup https://t.co/69ISTz3era"
moonbigwiiin,"FomoSports #WorldCup NFT ğŸš€ğŸ”¥
ğŸ†Mint to Win ğŸ’²124,000ğŸš€ğŸ¤‘

ğŸ‘‰Choose 1âƒ£ teamâš½ï¸
ğŸ‘‰Get Passive Dividend &amp; Airdrop &amp; Champion pot
ğŸ‘‰Last deal can winğŸ’²24,800 ğŸ’°
 
ğŸ¤‘Join DC ğŸ’²30,000 Giveaway
DCï¼šhttps://t.co/hWZi3F2Cqp
Web:https://t.co/innsK4Gs6w https://t.co/Ffh0u8hEkJ"
novcuann,"FomoSports #WorldCup NFT ğŸš€ğŸ”¥
ğŸ†Mint to Win ğŸ’²124,000ğŸš€ğŸ¤‘

ğŸ‘‰Choose 1âƒ£ teamâš½ï¸
ğŸ‘‰Get Passive Dividend &amp; Airdrop &amp; Champion pot
ğŸ‘‰Last deal can winğŸ’²24,800 ğŸ’°
 
ğŸ¤‘Join DC ğŸ’²30,000 Giveaway
DCï¼šhttps://t.co/hWZi3F2Cqp
Web:https://t.co/innsK4Gs6w https://t.co/Ffh0u8hEkJ"
calonEmakAnak3,"FomoSports #WorldCup NFT ğŸš€ğŸ”¥
ğŸ†Mint to Win ğŸ’²124,000ğŸš€ğŸ¤‘

ğŸ‘‰Choose 1âƒ£ teamâš½ï¸
ğŸ‘‰Get Passive Dividend &amp; Airdrop &amp; Champion pot
ğŸ‘‰Last deal can winğŸ’²24,800 ğŸ’°
 
ğŸ¤‘Join DC ğŸ’²30,000 Giveaway
DCï¼šhttps://t.co/hWZi3F2Cqp
Web:https://t.co/innsK4Gs6w https://t.co/Ffh0u8hEkJ"
Zikri_Zalida,"FomoSports #WorldCup NFT ğŸš€ğŸ”¥
ğŸ†Mint to Win ğŸ’²124,000ğŸš€ğŸ¤‘

ğŸ‘‰Choose 1âƒ£ teamâš½ï¸
ğŸ‘‰Get Passive Dividend &amp; Airdrop &amp; Champion pot
ğŸ‘‰Last deal can winğŸ’²24,800 ğŸ’°
 
ğŸ¤‘Join DC ğŸ’²30,000 Giveaway
DCï¼šhttps://t.co/hWZi3F2Cqp
Web:https://t.co/innsK4Gs6w https://t.co/Ffh0u8hEkJ"
yeaycandy,"FomoSports #WorldCup NFT ğŸš€ğŸ”¥
ğŸ†Mint to Win ğŸ’²124,000ğŸš€ğŸ¤‘

ğŸ‘‰Choose 1âƒ£ teamâš½ï¸
ğŸ‘‰Get Passive Dividend &amp; Airdrop &amp; Champion pot
ğŸ‘‰Last deal can winğŸ’²24,800 ğŸ’°
 
ğŸ¤‘Join DC ğŸ’²30,000 Giveaway
DCï¼šhttps://t.co/hWZi3F2Cqp
Web:https://t.co/innsK4Gs6w https://t.co/Ffh0u8hEkJ"
1xbet_cash,"Pariez sur #888starz
Faites vous plein de bonus au 1er dÃ©pÃ´t 

ğŸ‘‰ https://t.co/At0sJUZgpn
ğŸ‘‰ code promo : 888_4343
ğŸ‘‰ 100Â % de bonus au premier dÃ©pÃ´t

ğŸ‘‰ INSCRIPTION :  lien suivant 

https://t.co/TnwAkgOYXH

==========
 #BOOMchallenge #worldcup #match #codepromo #promocode https://t.co/iGUxNQss1a https://t.co/q2fIEzZit2"
samjayne7755,"Last #WorldCup2022 group game for England ğŸ´ó §ó ¢ó ¥ó ®ó §ó ¿ Pob lwc Lloegr! Let's just hope you play better than you did against the USA ğŸ¤ğŸ™ˆ Lloegr am byth â¤ï¸ #England #ENG #WAL #WALENG #ENGWAL #WorldcupQatar2022 #WorldCup #Football *Yes, I'm English living in Wales &amp; can speak basic Welsh ğŸ˜± https://t.co/fhvdrzbVCJ"
gaufdy,"FomoSports #WorldCup NFT ğŸš€ğŸ”¥
ğŸ†Mint to Win ğŸ’²124,000ğŸš€ğŸ¤‘

ğŸ‘‰Choose 1âƒ£ teamâš½ï¸
ğŸ‘‰Get Passive Dividend &amp; Airdrop &amp; Champion pot
ğŸ‘‰Last deal can winğŸ’²24,800 ğŸ’°
 
ğŸ¤‘Join DC ğŸ’²30,000 Giveaway
DCï¼šhttps://t.co/hWZi3F2Cqp
Web:https://t.co/innsK4Gs6w https://t.co/Ffh0u8hEkJ"
cestmoi_knsya,"FomoSports #WorldCup NFT ğŸš€ğŸ”¥
ğŸ†Mint to Win ğŸ’²124,000ğŸš€ğŸ¤‘

ğŸ‘‰Choose 1âƒ£ teamâš½ï¸
ğŸ‘‰Get Passive Dividend &amp; Airdrop &amp; Champion pot
ğŸ‘‰Last deal can winğŸ’²24,800 ğŸ’°
 
ğŸ¤‘Join DC ğŸ’²30,000 Giveaway
DCï¼šhttps://t.co/hWZi3F2Cqp
Web:https://t.co/innsK4Gs6w https://t.co/Ffh0u8hEkJ"
tariqmahmoodask,"Ù‚Ø¨Ø±ÙˆÚº Ú©ÛŒ Ú©Ù…Ø§Ø¦ÛŒ Ù¾Ø± Ù¾Ù„Ù†Û’ ÙˆØ§Ù„Ø§ Ù‚Ø§Ø¯ÛŒØ§Ù†ÛŒ Ù…ÙˆÙ„ÙˆÛŒ
#FIFAWorldCupQatar2022 #Qatar #WorldCup
#QatarWorldCup2022 #FIFAWorldCup2022 
#Qatar2022â€¯â€¯â€¯ #FIFAWorldCupâ€¯â€¯â€¯ #WorldCup2022
#Searchthetruth https://t.co/wumVKYJUIc"
amfofo1414,"ØªÙˆÙ‚Ø¹ Ù†ØªÙŠØ¬Ø© Ù…Ø¨Ø§Ø±Ø§Ø© Ù…Ù†ØªØ®Ø¨Ù†Ø§ Ø§Ù„Ø³Ø¹ÙˆØ¯ÙŠ ğŸ‡¸ğŸ‡¦ ÙˆØ§Ù„Ù…ÙƒØ³ÙŠÙƒ ğŸ‡²ğŸ‡½ ÙˆØ§Ø±Ø¨Ø­ Ø§Ø­Ø¯ Ù…Ù†ØªØ¬Ø§ØªÙ†Ø§ ğŸ”¥
Ø³Ù†Ù‚ÙˆÙ… Ø¨Ø£Ø®ØªÙŠØ§Ø± Ù¥ Ø±Ø§Ø¨Ø­ÙŠÙ† Ù…Ù† Ø£ØµØ­Ø§Ø¨ Ø§Ù„ØªÙˆÙ‚Ø¹ Ø§Ù„ØµØ­ÙŠØ­ Ø¨Ø·Ø±ÙŠÙ‚Ø© Ø¹Ø´ÙˆØ§Ø¦ÙŠØ© âœ¨ 
ÙƒÙˆÙ„Ù† ØªØ³Ø¹ÙŠ Ù„Ø£Ø³Ø¹Ø§Ø¯ÙƒÙ… ğŸ§¡
 #ÙƒÙˆÙ„Ù† #ÙƒØ£Ø³_Ø§Ù„Ø¹Ø§Ù„Ù… #Ø§Ù„Ù…Ù…Ù„ÙƒØ©Ø§Ù„Ø¹Ø±Ø¨ÙŠØ©Ø§Ù„Ø³Ø¹ÙˆØ¯ÙŠØ©  #Ø§Ù„Ù…ÙƒØ³ÙŠÙƒ #mexico #worldcup https://t.co/IqC3XHDxXb"
CityGroundShelf,"Today's the day! ğŸ´ó §ó ¢ó ·ó ¬ó ³ó ¿ğŸ´ó §ó ¢ó ¥ó ®ó §ó ¿

Wales ğŸ†š England

Watch all the build-up and action LIVE from 18:00 GMT on @BBCOne, @BBCiPlayer, the BBC Sport website and app.

#WorldCup #BBCWorldCup https://t.co/Yilmfi3WFL"
youngbloodarmye,2022 DÃ¼nya KupasÄ± aÃ§Ä±lÄ±ÅŸ seremonisinde BTS grubunun solisti Jungkook'tan mÃ¼thiÅŸ performans... #WorldCupğŸ† https://t.co/24tzKnWET4
Mitsue49908951,Lorelei #WorldCup Matthew #ä¸–ç•Œæ¯ Melvina #æåé—¨ Noble #ä¸–ç•Œæ¯æŠ•æ³¨  https://t.co/QpPAwi0aTD
TK_icbdp10,"ãƒ™ãƒ«ã‚®ãƒ¼ã§å–§å˜©å‹ƒç™ºã€ã‚¢ã‚¶ãƒ¼ãƒ«ã€ãƒ‡ãƒ»ãƒ–ãƒ©ã‚¤ãƒã‚‰ãŒå£è«–ã‚‚â€¦ãƒ«ã‚«ã‚¯ãŒã¾ã‚‹ãåã‚ã‚‹
https://t.co/4QqyMVTLpf
#ã‚²ã‚­ã‚µã‚« #Wæ¯ #ãƒ¯ãƒ¼ãƒ«ãƒ‰ã‚«ãƒƒãƒ— #WorldCup"
Jiniescityx,"FomoSports #WorldCup NFT ğŸš€ğŸ”¥
ğŸ†Mint to Win ğŸ’²124,000ğŸš€ğŸ¤‘

ğŸ‘‰Choose 1âƒ£ teamâš½ï¸
ğŸ‘‰Get Passive Dividend &amp; Airdrop &amp; Champion pot
ğŸ‘‰Last deal can winğŸ’²24,800 ğŸ’°
 
ğŸ¤‘Join DC ğŸ’²30,000 Giveaway
DCï¼šhttps://t.co/hWZi3F2Cqp
Web:https://t.co/innsK4Gs6w https://t.co/Ffh0u8hEkJ"
wangiakunku,"FomoSports #WorldCup NFT ğŸš€ğŸ”¥
ğŸ†Mint to Win ğŸ’²124,000ğŸš€ğŸ¤‘

ğŸ‘‰Choose 1âƒ£ teamâš½ï¸
ğŸ‘‰Get Passive Dividend &amp; Airdrop &amp; Champion pot
ğŸ‘‰Last deal can winğŸ’²24,800 ğŸ’°
 
ğŸ¤‘Join DC ğŸ’²30,000 Giveaway
DCï¼šhttps://t.co/hWZi3F2Cqp
Web:https://t.co/innsK4Gs6w https://t.co/Ffh0u8hEkJ"
ShiroganeKenzi,"ğŸ“¢Launch #Collab #Giveaway for #Wristband

ğŸWear your #Wristband and enter for the #Web3 #WorldCup #Campaign

ğŸ”—#SoQuest Task

https://t.co/J6mSrt8jMM

ğŸ‘€Click to know moreâ¤µï¸

https://t.co/dV94mhg07Y

ğŸ¯ Powered by @Mises001  @_p12_  @0xNawarat @metaestate_com  @Port3Network https://t.co/M56UqW9YJn"
